user_id,role,sus_q1,sus_q2,sus_q3,sus_q4,sus_q5,sus_q6,sus_q7,sus_q8,sus_q9,sus_q10,calculated_sus_score,tam_perceived_usefulness,tam_perceived_ease_of_use
USR_001,Mahasiswa,5,1,5,1,4,1,4,2,4,3,85.0,4.15,4.87
USR_002,Mahasiswa,3,1,4,2,3,2,5,2,4,2,75.0,4.31,4.0
USR_003,Dosen,5,1,4,3,5,2,5,1,4,1,87.5,4.32,3.89
USR_004,Dosen,5,2,3,2,5,2,4,3,4,2,75.0,4.65,4.05
USR_005,Mahasiswa,5,2,4,2,4,1,5,1,4,1,87.5,3.43,3.9
USR_006,Mahasiswa,4,1,5,1,5,2,4,1,5,1,92.5,3.46,3.57
USR_007,Dosen,4,2,4,2,5,2,4,1,3,1,80.0,4.46,3.4
USR_008,Mahasiswa,4,2,5,2,4,2,4,2,5,2,80.0,3.18,3.54
USR_009,Staff Tendik,5,1,5,1,5,2,5,2,5,2,92.5,4.29,4.52
USR_010,Staff Tendik,3,1,5,1,5,2,5,2,5,1,90.0,3.61,3.62
USR_011,Dosen,3,1,4,3,5,2,4,3,4,1,75.0,4.99,3.91
USR_012,Mahasiswa,4,1,4,1,3,1,3,1,5,1,85.0,4.33,4.42
USR_013,Dosen,5,2,4,1,4,2,4,2,4,1,82.5,4.09,3.83
USR_014,Mahasiswa,4,1,5,1,5,2,4,1,3,1,87.5,4.81,4.38
USR_015,Mahasiswa,5,2,5,1,4,1,4,3,4,1,85.0,3.67,3.08
USR_016,Mahasiswa,5,2,4,2,4,1,5,2,5,2,85.0,3.76,3.92
USR_017,Mahasiswa,3,1,5,2,4,1,4,2,3,1,80.0,3.57,4.05
USR_018,Staff Tendik,5,2,4,2,4,2,4,2,4,1,80.0,3.77,4.01
USR_019,Dosen,4,1,5,1,5,2,3,1,5,1,90.0,4.23,3.01
USR_020,Dosen,5,3,3,1,5,2,5,1,5,3,82.5,4.45,4.72
USR_021,Mahasiswa,4,1,5,2,4,2,5,2,4,2,82.5,4.68,3.49
USR_022,Mahasiswa,5,2,4,1,3,2,3,1,3,2,75.0,3.29,4.2
USR_023,Mahasiswa,5,2,5,1,3,1,5,1,5,1,92.5,4.11,4.0
USR_024,Staff Tendik,5,1,5,2,5,1,4,1,4,2,90.0,3.65,4.6
USR_025,Mahasiswa,5,2,5,1,5,2,3,2,4,1,85.0,4.1,5.31
USR_026,Staff Tendik,4,3,3,2,4,1,4,1,3,2,72.5,5.37,3.23
USR_027,Mahasiswa,5,2,4,1,5,1,4,1,5,3,87.5,4.35,3.61
USR_028,Mahasiswa,5,2,4,1,5,2,4,2,5,2,85.0,4.65,4.11
USR_029,Dosen,4,3,4,1,5,2,5,2,5,2,82.5,5.18,3.34
USR_030,Mahasiswa,3,1,3,3,5,3,5,1,5,2,77.5,4.76,4.47
USR_031,Staff Tendik,5,1,5,2,4,3,5,1,4,1,87.5,3.98,4.51
USR_032,Staff Tendik,5,2,4,3,5,2,4,1,4,3,77.5,3.56,4.34
USR_033,Mahasiswa,5,1,4,2,4,2,4,1,4,1,85.0,4.18,4.14
USR_034,Mahasiswa,4,2,4,1,5,2,5,1,4,1,87.5,3.92,4.82
USR_035,Mahasiswa,5,3,4,2,5,2,4,2,4,1,80.0,3.44,3.31
USR_036,Staff Tendik,4,1,5,2,5,1,3,2,5,1,87.5,4.32,4.04
USR_037,Mahasiswa,5,1,4,2,5,2,4,2,5,1,87.5,4.33,3.56
USR_038,Dosen,3,2,5,1,3,2,5,1,5,1,85.0,5.08,4.53
USR_039,Dosen,5,1,4,2,4,1,4,2,4,1,85.0,4.02,2.9
USR_040,Dosen,5,2,5,1,5,2,3,1,5,2,87.5,4.34,3.98
USR_041,Mahasiswa,3,1,5,1,5,2,5,3,5,1,87.5,3.87,4.2
USR_042,Dosen,5,2,4,2,3,1,4,2,4,1,80.0,4.64,3.43
USR_043,Staff Tendik,4,1,5,2,3,1,4,1,5,2,85.0,4.14,3.62
USR_044,Mahasiswa,5,2,4,1,3,1,4,2,4,1,82.5,3.61,4.01
USR_045,Mahasiswa,5,1,5,1,5,1,4,1,4,2,92.5,4.19,4.57
USR_046,Staff Tendik,4,2,4,2,5,1,5,2,4,2,82.5,4.4,3.38
USR_047,Mahasiswa,5,1,5,2,4,2,4,1,4,2,85.0,4.33,3.48
USR_048,Staff Tendik,5,2,5,3,4,1,4,1,4,2,82.5,4.72,4.68
USR_049,Mahasiswa,4,3,5,3,5,2,5,3,5,1,80.0,3.48,3.84
USR_050,Mahasiswa,4,1,5,2,5,1,5,1,5,2,92.5,3.78,3.53
USR_051,Staff Tendik,5,1,4,1,4,3,5,2,5,1,87.5,4.52,4.44
USR_052,Mahasiswa,5,1,3,2,4,1,4,1,5,1,87.5,3.84,3.71
USR_053,Mahasiswa,5,2,4,1,4,2,4,2,4,2,80.0,4.32,4.62
USR_054,Mahasiswa,5,2,4,1,4,3,5,2,5,1,85.0,2.99,3.6
USR_055,Mahasiswa,4,2,5,2,4,2,5,2,3,2,77.5,5.56,3.9
USR_056,Mahasiswa,5,1,4,1,5,1,3,1,4,2,87.5,4.07,4.57
USR_057,Mahasiswa,3,1,5,3,5,2,3,1,4,2,77.5,4.8,3.86
USR_058,Staff Tendik,4,2,5,2,5,2,4,1,4,3,80.0,4.03,4.45
USR_059,Mahasiswa,3,1,5,2,5,2,5,1,3,1,85.0,4.41,3.96
USR_060,Dosen,4,3,4,2,3,1,4,2,4,1,75.0,4.95,5.19
USR_061,Mahasiswa,4,1,5,3,4,1,4,3,4,2,77.5,4.78,4.94
USR_062,Dosen,4,2,5,2,3,2,3,3,5,1,75.0,4.1,3.2
USR_063,Mahasiswa,5,1,4,2,4,2,5,2,4,2,82.5,4.13,4.31
USR_064,Staff Tendik,4,1,5,1,5,2,5,2,4,2,87.5,4.7,3.51
USR_065,Mahasiswa,4,2,5,2,5,2,4,2,4,2,80.0,5.37,4.11
USR_066,Mahasiswa,4,2,4,1,3,2,5,1,5,1,85.0,4.3,4.04
USR_067,Mahasiswa,4,3,4,2,4,1,5,3,4,1,77.5,5.18,3.37
USR_068,Mahasiswa,4,1,4,2,5,2,4,2,4,1,82.5,4.08,4.64
USR_069,Mahasiswa,3,1,4,2,4,1,4,2,4,1,80.0,4.68,4.12
USR_070,Mahasiswa,5,2,4,1,4,2,4,1,3,2,80.0,4.75,3.83
USR_071,Dosen,5,2,3,1,5,2,5,1,3,1,85.0,4.0,3.74
USR_072,Mahasiswa,5,1,3,2,5,3,4,1,4,1,82.5,3.83,4.08
USR_073,Mahasiswa,4,1,4,1,3,1,5,3,3,1,80.0,4.77,4.24
USR_074,Dosen,4,1,5,1,4,1,5,2,4,2,87.5,3.93,3.93
USR_075,Dosen,5,3,4,1,5,1,4,1,4,2,85.0,3.75,2.3
USR_076,Mahasiswa,4,1,5,3,4,1,5,3,5,1,85.0,3.86,4.01
USR_077,Mahasiswa,4,1,4,2,3,1,4,1,4,1,82.5,3.93,3.14
USR_078,Mahasiswa,3,1,4,1,5,3,4,1,4,1,82.5,4.63,3.87
USR_079,Dosen,4,1,4,1,3,1,5,1,4,1,87.5,4.46,3.16
USR_080,Dosen,4,1,4,1,5,1,5,2,5,2,90.0,4.56,3.15
USR_081,Mahasiswa,4,2,4,2,4,2,4,3,4,2,72.5,4.41,4.74
USR_082,Dosen,4,1,5,2,5,2,5,1,3,1,87.5,3.9,3.81
USR_083,Dosen,4,2,4,1,4,2,5,3,5,1,82.5,4.55,3.76
USR_084,Mahasiswa,5,1,5,1,4,1,4,1,4,3,87.5,4.79,4.29
USR_085,Staff Tendik,5,2,5,1,3,2,5,3,4,1,82.5,4.49,3.78
USR_086,Mahasiswa,5,3,4,2,4,1,3,2,4,2,75.0,4.42,5.26
USR_087,Mahasiswa,5,2,3,2,5,1,4,2,5,1,85.0,3.82,3.84
USR_088,Mahasiswa,5,2,5,1,5,3,4,1,4,1,87.5,4.31,4.22
USR_089,Mahasiswa,3,1,4,1,4,1,5,3,5,1,85.0,3.79,4.58
USR_090,Mahasiswa,4,1,3,1,4,2,5,2,5,1,85.0,4.19,4.96
USR_091,Staff Tendik,3,2,5,3,5,2,4,1,4,3,75.0,3.38,3.55
USR_092,Mahasiswa,5,3,3,1,5,1,4,2,4,1,82.5,3.38,3.75
USR_093,Mahasiswa,5,2,5,2,4,3,5,1,4,1,85.0,4.1,4.76
USR_094,Mahasiswa,4,2,5,2,4,1,3,3,4,1,77.5,3.93,4.49
USR_095,Staff Tendik,5,2,4,1,4,2,5,1,4,1,87.5,4.25,4.65
USR_096,Mahasiswa,3,1,4,1,5,3,5,2,5,1,85.0,4.13,3.18
USR_097,Mahasiswa,5,1,4,1,3,2,4,2,5,1,85.0,4.22,4.93
USR_098,Mahasiswa,4,2,4,2,5,3,5,1,5,2,82.5,4.5,3.54
USR_099,Mahasiswa,3,3,4,2,4,1,4,1,4,1,77.5,3.97,4.12
USR_100,Staff Tendik,4,1,5,2,5,2,5,1,5,1,92.5,4.09,3.91
